Frames,R:A:MET:101,R:A:ALA:108,R:A:LYS:109,R:A:SER:155,R:A:HSD:159,R:A:ASP:180,R:A:ILE:181,R:A:MET:199,R:A:GLY:202,R:A:VAL:203,R:A:PHE:206,R:A:TYR:258,L:B:OCA:310
1,0.07,-4.29,-50.05,-1.81,2.86,0.04,-2.26,4.01,-1.27,-6.67,1.98,-0.13,-51.36
2,0.04,-11.13,-51.32,-2.09,-8.9,5.69,-4.28,9.48,-0.11,-13.6,-8.55,-4.01,-79.87
3,-3.48,-1.7,-64.48,-0.54,-8.03,2.05,-1.53,17.79,-1.4,-4.27,3.65,-1.61,-63.38
4,0.1,-4.52,-67.21,-0.02,-0.18,-2.67,-2.91,5.13,-0.9,-6.93,-6.34,-1.04,-76.93
5,-0.88,-3.41,-66.78,0.6,-4.64,3.92,-1.63,9.89,-3.04,0.35,-8.46,-1.74,-70.92
6,-5.04,-5.98,-58.63,-2.3,-1.38,2.84,-3.48,12.33,-3.59,-15.28,-8.45,-3.62,-108.92
7,-1.19,-6.32,-60.65,-3.22,3.23,4.96,-0.41,-3.04,-2.43,-5.24,2.67,-1.82,-65.29
8,-1.85,0.37,-55.79,-3.28,-5.33,6.26,-5.81,6.64,-2.72,-4.28,-0.23,0.86,-94.95
9,-2.77,-15.84,-55.09,-2.44,-0.11,-2.73,-3.71,3.76,-0.33,-2.39,-10.01,-2.88,-80.06
10,8.99,-0.99,-50.33,1.19,-11.49,4.4,-3.68,6.17,-1.54,8.75,2.99,-2.32,-53.99
11,-1.09,-2.72,-52.81,5.12,-7.26,-1.46,1.89,12.48,-3.31,-7.69,5.03,1.53,-58.14
12,-4.56,-3.22,-50.77,2.22,-23.14,-2.64,-10.59,1.57,-3.68,5.57,-6.52,-0.67,-61.15
13,-2.43,0.05,-54.57,1.66,-10.24,3.16,-6.19,5.58,-4.36,-4.29,1.65,4.54,-29.48
14,-1.08,-0.29,-51.84,6.62,-22.02,0.89,-3.13,3.39,-0.23,-7.8,-2.83,-5.19,-58.34
15,2.64,-1.9,-53.78,7.12,-16.61,5.56,1.53,7.19,-3.17,-5.27,-3.43,-2.88,-62.5
16,-2.08,0.12,-53.49,0.28,-7.96,0.97,-1.98,2.89,-3.66,0.17,7.11,0.6,-81.59
17,-6.99,-1.74,-51.42,12.5,-19.93,5.45,-1.24,3.57,-5.84,-0.9,-11.67,-1.67,-60.26
18,-3.13,-0.27,-54.78,2.91,-14.42,5.62,-4.15,2.29,-3.92,-1.92,0.37,-1.19,-86.34
19,1.47,-0.17,-54.61,4.79,-12.3,9.16,-5.23,3.46,-5.61,0.26,-12.72,0.59,-53.35
20,3.01,-0.03,-54.8,1.59,-19.5,2.2,1.85,-1.89,-2.9,-2.31,-5.18,-0.91,-71.92
21,-2.51,0.22,-51.59,3.45,-11.65,8.02,-4.46,-1.26,-4.5,1.94,-1.81,-1.95,-83.02
22,5.82,-0.1,-56.36,14.36,-18.67,3.47,6.7,2.25,-5.93,2.13,-6.78,-1.11,-32.55
23,0.04,1.66,-53.23,4.42,-16.57,3.04,-0.55,2.39,-3.21,7.4,6.18,-1.32,-42.41
24,-3.49,-1.23,-54.98,5.09,-18.61,1.26,-4.19,-1.19,-0.59,2.0,0.6,-1.71,-113.97
25,0.38,-1.38,-58.63,1.45,-8.48,2.08,-5.07,0.98,-4.55,-2.87,-3.36,-4.54,-55.54
26,2.86,-0.02,-53.81,0.26,-11.59,3.16,-11.07,-4.31,-2.13,-2.0,-5.12,-0.3,-77.14
27,8.74,-1.72,-53.9,12.17,-19.64,7.91,-0.38,-3.4,-3.69,1.7,-1.37,-1.44,-42.86
28,10.15,-0.31,-50.64,-3.92,-19.46,4.31,-1.2,-4.55,-3.82,1.75,-8.24,-0.48,-54.06
29,-1.75,-0.27,-58.74,6.27,-18.07,7.08,-3.11,2.09,-4.95,2.27,0.98,-1.02,-78.32
30,-1.06,-0.98,-55.21,8.24,-17.44,3.56,-4.6,-0.53,-4.77,-1.67,-2.17,0.45,-69.31
31,-2.77,-0.04,-53.74,10.74,-18.16,6.37,-2.58,-4.76,-3.99,-3.51,-1.96,-0.75,-69.42
32,-4.47,0.2,-58.63,9.53,-12.44,2.01,-1.46,6.03,-3.12,-1.02,-6.72,-2.79,-91.36
33,-3.9,0.28,-55.24,7.45,-18.32,-3.93,0.57,2.49,-5.49,-4.28,-0.08,-1.35,-93.98
34,-1.75,-2.47,-51.08,9.67,-11.5,6.85,3.86,6.93,-4.02,-1.78,-5.82,0.09,-63.66
35,9.71,0.44,-53.47,5.02,-17.98,2.34,-10.09,-4.02,-3.55,-2.39,-1.67,-3.56,-60.14
36,-4.77,-0.88,-51.8,11.2,-16.02,5.63,1.82,1.31,-4.22,-9.26,-9.3,-4.36,-49.49
37,-0.56,-1.73,-60.32,16.39,-16.83,-0.34,1.18,-2.11,-3.66,-1.72,-5.77,-0.72,-54.49
38,-1.04,-2.54,-50.36,2.95,-13.97,-0.34,-2.15,1.85,-2.98,0.69,-4.62,-2.27,-78.93
39,-3.07,0.02,-54.18,0.48,-19.2,0.72,-1.93,4.66,-4.55,10.82,-2.48,-1.11,-62.65
40,0.2,-1.01,-52.8,1.88,-13.02,0.45,-3.44,1.42,-2.39,-1.81,0.63,-2.08,-47.4
41,-0.89,-0.09,-55.85,0.39,-19.39,3.38,-3.01,0.91,-3.75,-6.38,4.73,-0.5,-56.45
42,-1.57,-1.24,-53.97,13.7,-20.62,-2.02,-0.53,9.85,-5.34,-3.9,3.18,-7.19,-58.3
43,-1.15,-0.78,-55.98,5.65,-19.25,0.73,-0.39,0.28,-5.03,-4.18,-7.68,-4.09,-69.96
44,0.59,-1.31,-54.02,12.1,-8.51,5.09,-7.72,-4.39,-4.04,6.09,-2.13,-2.83,-47.36
45,-2.52,-2.06,-56.57,9.84,-23.73,-1.57,-10.16,-0.91,-2.62,1.86,-4.87,-1.87,-91.7
46,-0.88,-1.52,-51.71,8.87,-12.14,7.44,-3.78,5.47,-4.28,-0.84,-8.01,-1.33,-46.96
47,-4.59,0.37,-52.01,8.58,-18.88,7.34,-1.97,5.21,-3.62,1.69,3.86,-1.98,-47.77
48,-3.53,-1.33,-53.85,6.35,-14.28,4.13,0.51,6.38,-4.58,2.22,0.43,-1.0,-63.4
49,-5.94,-1.01,-55.42,12.67,-15.46,6.55,-4.44,4.27,-4.04,3.03,-8.15,-2.49,-49.84
50,2.67,-1.79,-53.29,5.18,-18.82,9.17,-0.43,-6.04,-4.34,-1.43,-2.45,-3.37,-72.24
51,-0.76,-2.25,-58.68,2.02,-9.8,0.93,-12.42,6.45,-3.47,-3.83,2.97,-1.1,-59.25
52,-1.83,-0.94,-53.36,7.64,-9.18,0.87,1.06,3.57,-2.24,3.41,-1.32,-2.46,-34.96
53,3.27,-0.16,-53.45,12.08,-15.75,7.01,-11.41,2.32,-4.32,-5.46,-7.02,-1.69,-48.17
54,5.18,0.39,-54.48,5.61,-11.51,4.69,-2.32,-8.52,-2.98,2.32,-2.22,-1.97,-38.4
55,3.36,-0.2,-55.58,5.09,-9.47,2.53,-10.24,6.73,-3.95,-1.95,-8.27,-1.53,-83.25
56,9.87,-1.82,-54.92,12.28,-17.07,4.68,-3.32,6.06,-4.43,-4.77,-4.02,0.56,-31.27
57,6.96,-1.24,-57.39,6.36,-17.38,0.63,-1.53,10.77,-3.71,-0.45,-0.48,-3.31,-43.8
58,10.67,-3.22,-51.93,7.16,-19.51,4.33,-10.37,7.53,-2.44,3.13,-1.68,-2.37,-40.01
59,-1.12,-1.73,-55.43,2.34,-17.51,-5.01,-4.53,2.57,-4.61,0.03,-5.87,-0.11,-99.99
60,0.14,0.28,-54.99,-0.38,-17.06,3.74,-6.54,4.82,-3.68,-0.99,-4.93,-4.73,-76.38
61,2.89,-1.21,-60.16,2.53,-13.83,0.58,-4.95,6.68,-3.72,0.74,-4.72,-3.24,-83.3
62,2.49,-3.53,-53.42,7.06,-11.13,6.1,2.66,2.02,-3.68,1.69,1.57,-1.54,-26.11
63,-1.81,0.33,-54.92,-0.36,-17.39,9.37,-4.11,-2.98,-1.34,-6.57,1.27,1.17,-94.5
64,3.44,-1.35,-56.51,12.3,-20.06,5.47,-1.3,9.7,-2.66,6.96,4.04,-1.39,-18.25
65,-2.12,-1.58,-50.88,5.69,-10.52,4.15,-4.38,0.67,-5.32,-3.64,-2.8,-0.73,-49.32
66,6.62,-0.82,-54.39,1.0,-18.49,3.65,-3.68,3.28,-3.0,1.82,4.53,-0.6,-58.16
67,8.58,-1.17,-52.69,8.11,-21.2,1.79,-10.87,-0.51,-5.0,0.74,-4.66,0.74,-54.41
68,7.45,-0.15,-55.83,8.84,-10.76,2.19,-7.78,4.74,-4.29,-7.57,1.47,-2.56,-57.44
69,-1.99,0.32,-51.52,8.87,-16.97,-2.85,-10.95,5.19,-4.79,-5.16,6.82,-2.4,-83.68
70,9.75,-1.38,-48.22,6.91,-25.19,5.26,-10.54,-5.2,-4.03,-0.78,-4.63,-4.73,-87.08
71,4.68,-1.54,-55.43,2.39,-18.37,1.23,-3.23,8.73,-4.23,0.7,-1.02,1.62,-51.54
72,1.96,-2.27,-53.69,4.82,-8.4,7.8,-4.18,-5.59,-4.07,8.42,4.0,-0.94,-41.52
73,6.1,2.1,-52.81,6.07,-15.62,2.51,-6.65,4.14,-4.17,-0.33,4.25,-2.37,-47.39
74,-3.42,-1.54,-51.44,4.22,-15.07,2.59,0.4,-1.04,-2.66,-4.55,-7.08,-0.02,-57.64
75,-0.33,-1.32,-52.89,-1.65,-17.51,0.16,-6.31,-2.91,-4.13,-5.7,-1.76,0.44,-93.04
76,0.55,-1.12,-54.07,0.92,-18.68,4.4,-9.9,-1.9,-1.98,3.84,-5.26,-1.94,-28.0
77,-5.68,-3.04,-54.48,0.27,-17.26,1.48,-4.31,-3.94,-1.7,4.73,0.95,0.52,-74.45
78,6.57,0.15,-55.69,12.43,-19.05,1.77,-4.45,8.37,-4.69,4.73,-1.24,-0.48,-53.59
79,0.39,0.33,-53.5,8.57,-13.12,-0.67,-2.39,9.57,-3.39,-2.97,-10.16,-0.29,-85.12
80,3.38,0.85,-55.88,7.66,-17.46,5.31,-2.94,7.96,-3.41,0.66,-6.78,-5.83,-65.12
81,6.62,-1.62,-50.38,1.98,-17.47,3.79,2.54,-3.42,-2.97,6.41,-0.43,-4.54,-44.67
82,-1.72,-2.0,-55.02,3.13,-21.56,3.04,-5.8,1.7,-4.64,5.07,-5.88,1.1,-81.89
83,9.04,3.2,-61.21,5.44,-17.65,-0.29,-3.16,-1.68,-3.66,-1.87,5.22,-0.91,-57.33
84,4.85,-0.42,-56.95,11.95,-18.41,2.24,-2.53,-1.77,-3.66,-6.76,3.91,-0.9,-69.99
85,-4.04,-1.65,-51.16,6.99,-10.19,-1.76,-5.37,-3.53,-4.11,0.31,4.12,-2.4,-81.23
86,2.07,0.7,-54.99,7.77,-16.02,3.64,-0.56,-4.42,-2.66,0.7,-1.46,-1.15,-68.93
87,8.01,-1.03,-58.93,6.77,-14.16,3.36,1.5,6.86,-3.56,-7.94,-5.09,-3.29,-65.83
88,6.84,-0.28,-54.99,8.69,-8.94,-0.31,-16.6,7.04,-1.87,-4.08,-1.45,-2.72,-47.4
89,-0.53,1.48,-55.67,12.08,-15.41,1.88,-5.2,5.91,-1.43,0.59,-1.66,-1.74,-49.85
90,6.21,-0.64,-55.77,1.76,-15.3,1.68,-0.87,-4.0,-3.58,4.65,-10.68,-2.89,-102.0
91,-1.68,0.57,-50.22,6.63,-15.77,6.49,-8.63,8.43,-2.43,10.76,1.84,-2.5,-40.21
92,7.8,0.4,-55.48,8.16,-10.56,2.25,-8.84,-1.91,-4.04,-0.12,-5.49,-2.72,-57.17
93,-3.3,0.62,-56.32,8.59,-18.96,8.71,-12.39,0.35,-4.31,-0.95,-10.87,-0.11,-66.0
94,-3.91,0.8,-54.23,1.54,-18.93,3.44,-2.55,8.07,-4.39,1.71,-10.42,-1.77,-99.22
95,6.71,0.32,-53.33,13.74,-6.7,2.01,0.01,0.95,-3.11,-3.27,-1.87,-1.21,-53.11
96,3.36,-0.4,-51.61,3.97,-16.44,5.47,7.31,-2.16,-3.73,-4.79,-7.72,-1.81,-53.71
97,-0.0,-0.28,-55.52,9.53,-18.18,4.44,-4.26,3.35,-3.99,-7.49,-1.43,-1.04,-64.0
98,5.9,-1.06,-51.12,5.43,-10.65,1.83,-6.73,-1.76,-1.64,0.58,-5.8,-1.07,-70.15
99,-0.01,-1.42,-50.36,1.28,-9.88,-0.21,-8.25,0.58,-2.96,2.98,-14.25,-3.58,-76.6
100,4.03,-5.57,-58.25,0.47,-22.64,9.33,-7.99,4.66,-2.83,-2.46,-10.5,-0.32,-83.52
