Frames,R:A:PHE:73,R:A:MET:104,R:A:ALA:108,R:A:LYS:109,R:A:SER:155,R:A:HSD:159,R:A:ASP:180,R:A:ILE:181,R:A:MET:199,R:A:GLY:202,R:A:VAL:203,R:A:PHE:206,R:A:TYR:258,R:A:TYR:276,L:B:LIG:310
1,-0.41,0.13,-5.58,-57.94,0.32,-5.36,0.6,1.62,-2.59,-0.77,-0.08,1.89,-2.44,0.65,-69.03
2,0.3,-3.02,-1.29,-51.82,-5.82,-6.59,-0.07,-2.15,8.79,-2.92,6.47,-5.86,-2.04,-3.59,-52.08
3,-1.79,9.44,-1.3,-69.04,0.24,-4.75,1.08,-6.63,5.03,-2.7,3.97,-5.53,-4.34,-0.95,-76.78
4,-0.65,-0.51,-17.27,-53.44,-4.15,-5.55,2.81,6.05,14.33,-1.47,4.48,1.64,0.22,-2.99,-50.18
5,-1.03,-0.31,-6.85,-59.24,-1.64,-4.06,-0.22,-1.04,6.56,-2.15,-11.99,1.67,0.38,0.15,-78.17
6,-0.45,-0.18,-9.01,-53.3,-13.69,-3.04,3.99,4.63,-4.13,2.96,1.48,-4.41,2.17,-2.28,-80.61
7,0.17,11.26,0.29,-57.69,0.4,-4.48,0.02,-4.7,10.81,-1.45,-1.37,-7.23,-2.94,1.19,-29.44
8,-1.24,4.92,-6.22,-57.48,-2.57,-3.23,1.71,-2.88,13.46,-2.08,-2.94,-2.49,-2.49,2.65,-80.55
9,-0.03,8.62,4.34,-61.12,0.98,-6.93,1.25,4.18,10.05,-2.24,-2.32,-5.45,-0.08,0.98,-33.85
10,-0.04,6.38,-12.63,-63.34,-5.35,1.48,6.92,-2.15,6.23,-2.38,-5.53,6.73,0.58,-1.0,-89.87
11,0.67,-0.18,-1.19,-47.98,12.13,-15.08,2.41,0.75,4.18,-6.01,2.11,-5.46,-1.29,0.68,-26.64
12,-0.22,-2.86,-0.27,-51.75,6.12,0.12,-2.85,-0.11,1.29,-3.81,5.61,1.07,-1.36,-3.5,-48.11
13,0.12,5.71,0.17,-50.33,0.24,-12.92,3.74,0.6,-2.16,-3.43,-9.12,-7.94,0.53,0.26,-71.21
14,-0.24,0.21,-0.76,-44.06,-7.11,-13.17,4.78,4.06,5.08,-3.61,-4.62,-6.24,-3.04,-0.33,-66.96
15,0.19,-0.44,-2.5,-49.03,-12.04,-3.62,-0.92,-4.24,4.39,-5.57,10.32,-5.46,-5.73,0.76,-98.34
16,0.35,-2.19,-3.1,-50.66,-0.2,-14.53,10.16,-4.29,4.73,-4.05,0.03,0.68,-3.38,2.93,-37.12
17,-0.98,1.94,-4.47,-52.28,0.87,-13.94,6.83,-4.55,6.24,-2.19,-7.31,-1.81,-2.57,-2.47,-59.06
18,0.2,-0.9,-12.94,-54.3,-1.86,-8.54,9.57,-2.9,-3.15,-2.34,9.31,-0.5,2.25,1.37,-43.89
19,-0.36,3.78,1.35,-52.92,10.92,-9.99,1.57,-11.67,8.65,2.36,9.67,-4.24,-4.18,0.11,-32.0
20,-0.55,-4.43,-14.25,-57.07,8.3,-11.24,7.6,-4.96,-2.77,-2.95,-6.53,1.36,-1.33,0.02,-97.59
21,-0.8,1.69,-10.84,-48.68,0.57,-10.33,0.16,-6.22,-0.25,-3.74,6.16,-5.16,-5.03,-1.23,-75.54
22,-0.93,-1.17,-7.61,-54.0,2.64,-9.55,7.99,1.88,1.42,-3.19,5.7,-0.11,-2.85,-2.34,-38.72
23,-0.85,-7.83,-3.38,-52.3,9.24,4.05,1.34,-2.23,0.41,-1.8,-2.77,-6.32,3.69,0.28,-55.17
24,-0.47,0.62,-5.53,-56.03,-0.97,-1.81,1.44,-0.58,6.38,-3.08,-4.09,-4.22,-0.71,1.34,-76.06
25,-0.42,7.82,0.71,-52.25,-0.17,-8.62,7.6,-6.06,11.32,-3.38,6.3,-2.38,-2.11,0.96,-37.78
26,-0.62,0.65,-0.41,-49.78,4.74,-13.5,-0.44,-7.53,-0.21,-2.1,-5.76,-1.26,-2.29,-0.83,-84.42
27,-1.18,-6.14,-1.56,-55.25,-4.88,-5.12,-3.85,0.97,7.55,-0.79,0.57,-11.94,-3.1,-1.86,-68.65
28,-0.86,-1.3,-3.81,-51.97,-14.1,-11.68,0.78,-1.47,15.12,-2.86,4.86,-5.54,-2.75,-2.85,-60.47
29,-0.34,0.97,-2.17,-57.1,-4.7,-1.44,-1.4,-4.22,5.97,-0.49,0.36,-2.73,-4.38,-2.72,-47.38
30,-0.88,-1.38,-11.64,-62.45,-0.45,-1.82,-0.59,-3.53,11.13,3.53,-5.75,-10.41,-2.0,0.43,-88.25
31,-1.17,-2.42,0.93,-52.49,2.56,-4.44,-2.37,-4.74,11.21,-2.66,2.01,-0.37,-2.05,2.86,-31.98
32,0.48,-0.18,-6.67,-61.72,-11.2,0.83,-2.73,-1.41,-6.08,-7.57,0.52,-2.31,3.06,-0.05,-68.37
33,-0.69,1.42,-7.49,-59.35,-5.18,0.38,-4.85,-2.67,-4.79,-3.94,3.27,-8.73,-2.72,-2.29,-104.74
34,-0.7,0.5,-0.18,-58.12,2.1,-4.77,7.77,-4.04,0.27,2.48,4.64,-3.55,-2.06,-1.07,-61.9
35,0.7,-0.25,-15.84,-59.97,0.67,1.51,0.09,-0.11,-6.64,-3.33,7.02,-1.66,-1.6,1.55,-71.25
36,-0.31,0.42,-14.67,-58.4,-0.4,-3.9,4.23,-0.93,7.67,3.94,5.51,2.96,0.95,-1.33,-55.71
37,-3.21,0.92,-2.77,-51.39,-6.49,-12.35,3.03,-5.83,0.43,-3.53,-1.81,-8.83,0.65,-7.85,-111.09
38,-0.97,-1.98,-0.16,-48.48,12.53,-7.69,-0.46,-5.96,9.91,-2.46,-8.73,-2.33,3.05,-3.17,-51.44
39,-0.68,7.67,-2.98,-53.28,0.23,-4.75,-2.28,-4.7,16.25,-4.08,-10.88,4.57,-0.38,1.3,-46.57
40,-0.45,-1.1,-2.65,-55.97,3.02,-8.13,5.73,-1.89,6.33,-5.36,-8.77,-0.03,-4.26,1.32,-72.3
41,-0.27,6.73,-8.52,-47.13,7.49,-3.94,-3.09,2.95,-2.74,-2.04,-4.77,-6.25,1.65,2.39,-67.18
42,-0.6,-0.79,-11.44,-48.43,-0.73,-13.1,-2.25,-4.7,17.19,-3.02,10.49,-1.25,-3.62,-0.96,-51.37
43,-1.05,3.12,-14.92,-50.2,-2.05,-2.73,0.62,-7.7,-3.4,-3.74,-7.35,-8.34,-5.52,-4.05,-91.11
44,-1.19,6.19,-0.49,-48.71,0.82,-7.68,2.94,-5.24,1.06,-2.09,4.54,-8.18,-4.13,-1.74,-58.86
45,-0.36,-0.14,-0.48,-49.94,-0.5,-8.85,-1.89,1.44,12.48,-1.82,4.19,-0.17,-3.36,0.34,-26.55
46,-0.15,-0.97,0.02,-53.75,-7.53,-10.14,-4.0,-5.94,4.85,-3.46,-8.77,-9.4,-4.39,-4.82,-101.74
47,-0.07,-0.95,-10.77,-49.91,-5.46,-8.43,0.37,6.32,3.91,-0.9,-4.76,-9.39,-3.03,-1.43,-56.1
48,-0.27,-2.32,-13.49,-54.91,8.82,-13.14,1.73,1.17,4.71,-2.08,-10.02,-4.07,1.09,1.19,-60.5
49,-1.55,6.71,-6.44,-46.73,11.32,-11.58,3.81,-6.9,1.16,-0.9,2.03,-0.55,-2.85,1.25,-20.99
50,-0.69,2.05,-6.73,-50.65,4.87,-1.96,4.05,-3.9,1.76,-1.17,-8.02,-9.38,-2.42,-0.69,-66.84
51,-0.45,7.96,1.33,-51.57,7.66,-1.72,4.47,-2.67,0.25,-4.17,-7.68,-3.42,-0.36,-4.2,-41.15
52,-0.69,-0.09,1.94,-49.16,11.26,-12.76,7.29,0.66,16.72,-2.51,-2.85,-15.84,-1.86,-1.95,-62.02
53,-0.94,-1.8,-3.12,-48.31,1.72,-2.89,-6.19,2.48,10.42,-5.56,3.07,-5.57,-5.34,-4.37,-66.19
54,-0.29,-0.64,-0.27,-51.43,-1.95,-3.99,0.54,-2.48,8.19,-2.51,-4.09,-5.17,-3.83,-0.2,-55.03
55,-1.2,-1.62,-12.61,-51.77,9.86,-5.11,0.17,-8.93,2.6,-1.33,-11.18,-7.0,-0.23,0.61,-70.67
56,-0.76,1.16,-2.44,-46.9,14.12,-1.55,-1.57,-12.57,11.54,-1.63,-11.03,-8.94,2.51,-0.41,-44.24
57,-0.6,0.21,-3.01,-46.83,5.18,-11.19,1.45,-5.37,15.62,-2.46,-3.03,1.22,1.0,-1.04,-27.41
58,-0.37,-2.15,0.02,-57.27,3.25,-2.53,-3.03,-1.44,17.83,-5.7,-5.68,-1.62,-2.68,0.27,-74.04
59,0.17,-5.42,-1.58,-52.46,5.02,-3.76,2.58,-2.12,-0.99,-1.06,-7.34,-0.47,-1.81,-2.15,-51.99
60,-0.38,8.85,-17.62,-47.31,3.6,-15.36,-6.34,-6.5,3.67,-4.52,1.0,-4.99,-2.86,-0.48,-67.79
61,-1.08,0.27,-7.71,-56.99,1.8,-9.45,6.91,-1.82,5.46,-0.94,-2.74,0.14,-1.6,-0.46,-69.46
62,-1.07,9.6,-5.37,-45.1,2.61,-9.9,1.47,-1.68,5.09,-2.56,-8.29,3.81,5.1,-3.35,-26.68
63,-0.83,-1.0,2.3,-48.57,3.04,-10.08,-1.95,-1.34,13.69,-4.06,9.34,0.96,-0.07,0.16,-18.38
64,-0.79,-0.74,2.79,-47.28,7.89,-13.36,-2.11,-3.38,4.41,-2.94,3.87,-7.96,-2.84,-4.24,-54.74
65,-0.51,-0.77,0.33,-45.93,3.54,-3.42,-0.98,2.81,17.84,-3.74,-1.96,0.45,-1.71,-0.22,-33.64
66,-1.12,-0.35,-1.12,-48.17,1.95,-2.97,2.47,-5.91,9.91,-4.92,-9.51,-7.43,-3.81,0.14,-67.7
67,-0.63,-0.31,-0.64,-48.6,3.62,-9.23,-4.79,-6.43,4.3,-1.47,-4.73,-1.41,1.07,-0.97,-69.19
68,-0.42,6.18,0.23,-46.85,5.81,-4.78,0.55,-2.74,7.78,-2.58,-8.41,-7.7,-1.87,-5.07,-36.56
69,-0.04,8.36,-1.02,-47.14,10.76,-16.38,-2.35,-1.85,5.22,-2.08,-10.82,0.45,-0.88,0.29,-55.78
70,-1.59,0.38,4.89,-51.08,9.2,-4.61,-4.21,-2.83,7.64,-2.75,-5.77,-8.91,-0.02,-5.62,-72.06
71,-0.82,0.78,-0.91,-49.35,0.94,-0.91,1.76,-3.49,3.18,-4.68,-10.17,-8.52,3.12,-1.57,-46.42
72,-0.9,1.62,-10.42,-51.6,-0.04,-13.3,-1.06,-6.16,0.27,-1.42,-8.13,-3.1,1.66,-1.17,-79.47
73,-0.48,5.97,-13.0,-48.83,0.0,-5.23,8.12,-2.3,0.45,-1.84,-2.99,-3.59,-0.87,-5.19,-87.24
74,-0.34,-1.88,-16.07,-46.16,11.7,-13.49,-1.68,-6.17,4.42,-2.28,-8.45,1.6,-1.81,0.48,-80.29
75,-0.9,5.62,-0.32,-52.55,3.33,-13.08,4.77,0.7,4.3,-2.72,-7.55,0.61,-2.88,-1.84,-65.37
76,-0.24,4.42,-2.45,-50.51,14.88,-12.39,2.15,-6.4,10.42,-2.67,1.23,-9.04,-10.16,1.16,-53.04
77,-0.16,-2.16,-12.46,-49.03,4.61,-8.0,0.55,-2.9,5.19,-1.43,-8.21,-7.24,-1.23,-3.17,-87.86
78,0.18,-0.03,2.1,-46.65,1.67,-12.58,2.44,-3.98,0.34,-3.52,0.65,-9.49,-2.33,-1.75,-77.62
79,-0.88,3.01,-15.14,-46.98,1.44,-18.85,1.01,-9.33,0.59,-2.44,-2.89,-0.46,2.18,-1.08,-101.95
80,-0.54,-0.45,-10.69,-50.66,3.48,-16.16,-4.29,-0.49,-1.68,-3.56,-9.19,-2.1,-5.44,-3.38,-95.4
81,-0.25,-5.0,0.27,-52.44,0.99,-5.27,3.34,0.28,0.56,-1.43,6.18,-11.6,-1.75,-1.33,-66.54
82,-0.71,-0.38,-2.0,-47.17,9.6,-10.35,-1.26,-0.39,3.53,-3.39,-5.82,-8.25,-3.75,1.31,-85.4
83,-0.41,8.73,-6.04,-49.08,10.13,-10.38,-6.61,2.89,2.88,-2.11,-10.76,-2.05,-1.59,-1.54,-46.55
84,-0.18,-1.58,-4.28,-51.25,4.31,-3.7,5.45,0.72,6.26,-3.16,-5.96,-10.12,-4.7,-0.77,-72.62
85,-0.94,4.37,-8.83,-52.66,0.88,-3.14,-2.81,-0.82,-10.56,-2.88,-8.23,1.02,-3.18,-1.9,-79.26
86,-0.21,6.02,2.23,-49.11,3.17,-13.16,0.6,2.45,5.67,-1.79,-7.18,-7.61,-5.64,-1.08,-64.28
87,-0.3,-1.33,-0.4,-47.01,7.71,-7.85,-1.34,-5.93,9.54,-2.38,-9.52,0.52,-1.35,-2.95,-80.3
88,-0.7,-1.47,-3.32,-49.44,1.78,-10.67,-1.04,-2.01,4.93,-2.47,-2.35,-0.07,0.12,-2.17,-40.4
89,-1.16,-6.02,-15.76,-47.06,4.47,-5.47,-2.77,-1.02,-1.53,-2.11,9.53,-2.58,-4.46,-2.32,-74.85
90,-0.14,0.66,0.69,-48.84,6.26,-4.23,-3.94,-6.18,4.76,-2.77,-9.93,-4.54,4.97,-0.88,-62.19
91,-1.61,-6.15,-11.1,-44.74,-4.84,-20.88,4.14,2.26,0.44,-2.97,-11.21,-6.5,0.03,-3.73,-111.67
92,-0.29,-1.02,0.18,-46.02,0.58,-7.66,5.36,-2.2,4.85,-1.75,-12.07,-0.83,-1.26,-1.03,-52.27
93,-0.74,3.65,0.67,-48.59,3.98,-10.03,1.41,-4.66,5.82,-6.54,-10.76,-6.77,-2.43,-0.09,-44.06
94,-0.57,8.11,-10.64,-53.52,6.12,-8.89,1.59,-4.18,4.41,-1.79,-10.76,-5.07,-0.35,-0.14,-52.63
95,-0.61,-4.69,-10.26,-51.8,1.95,-16.67,-2.52,0.54,16.49,-2.8,9.83,-5.78,1.18,-1.16,-68.8
96,-0.21,4.95,-2.49,-50.81,3.23,-3.43,4.88,-13.48,10.51,-3.24,-1.65,-1.93,-2.52,-2.36,-43.17
97,-0.51,-2.75,-5.9,-54.9,14.86,-13.52,-3.96,-10.34,8.35,-2.91,-3.99,0.46,-1.34,-0.16,-70.16
98,-0.4,6.0,-9.89,-48.99,4.2,-14.5,-1.76,-13.99,17.97,-1.34,8.3,-6.78,-5.15,-0.24,-29.55
99,-0.21,-5.14,-10.15,-52.28,1.05,-4.74,-2.78,-1.55,4.56,-5.69,-13.98,-1.22,-2.83,2.74,-80.19
100,-0.89,-1.08,4.73,-64.87,1.15,-10.65,-1.29,4.27,4.03,-4.01,-7.86,2.45,-1.19,1.06,-55.27
